{
    "providers": [
        {
            "type": "bitmap",
            "file": "minecraft:texturas/().png",
            "ascent": 8,
            "height": 8,
            "chars": ["\uE000"]
        },
        {
            "type": "bitmap",
            "file": "minecraft:texturas/().png",
            "ascent": 8,
            "height": 8,
            "chars": ["\uE001"]
        },
        {
            "type": "bitmap",
            "file": "minecraft:texturas/().png",
            "ascent": 8,
            "height": 8,
            "chars": ["\uE002"]
        },
        {
            "type": "bitmap",
            "file": "minecraft:texturas/().png",
            "ascent": 8,
            "height": 8,
            "chars": ["\uFFFF"]
        }
        ]
}